"hussein98d","December 11, 2015","https://hackerone.com/reports/100849"
"hak","December 11, 2015","https://hackerone.com/reports/101104"
"ericr","November 6, 2015","https://hackerone.com/reports/97510"
"ericr","November 6, 2015","https://hackerone.com/reports/95243"
"filedescriptor","September 18, 2015","https://hackerone.com/reports/87040"
"satishb3","April 27, 2015","https://hackerone.com/reports/55670"
"wesecureapp","April 27, 2015","https://hackerone.com/reports/53858"
"filedescriptor","April 14, 2015","https://hackerone.com/reports/53843"
"masatokinugawa","April 14, 2015","https://hackerone.com/reports/53098"
"wesecureapp","April 14, 2015","https://hackerone.com/reports/52646"
"filedescriptor","March 21, 2015","https://hackerone.com/reports/52042"
"seifelsallamy","March 21, 2015","https://hackerone.com/reports/50752"
"wesecureapp","March 13, 2015","https://hackerone.com/reports/50134"
"avicoder","March 13, 2015","https://hackerone.com/reports/49806"
"seifelsallamy","March 13, 2015","https://hackerone.com/reports/49759"
"homakov","March 1, 2015","https://hackerone.com/reports/48516"
"hussein98d","March 1, 2015","https://hackerone.com/reports/47888"
"sandeep100928","February 20, 2015","https://hackerone.com/reports/46485"
"batuhan","February 20, 2015","https://hackerone.com/reports/46818"
"miantaiduo","February 20, 2015","https://hackerone.com/reports/43988"
"wesecureapp","February 6, 2015","https://hackerone.com/reports/44492"
"avicoder","February 6, 2015","https://hackerone.com/reports/44727"
